articles,following,name,essays,followed,details,userurl,imgurl
文章 0,关注 1,麦兜的猫儿,文集 0,粉丝 0,"
      写了 0 字，获得了 0 个喜欢
    ",/u/6168f8b92a89,//cdn-qn0.jianshu.io/assets/default_avatar/7-0993d41a595d6ab6ef17b19496eb2f21.jpg?imageMogr2/auto-orient/strip|imageView2/1/w/180/h/180
文章 0,关注 1,雪山飞,文集 0,粉丝 0,"
      写了 0 字，获得了 0 个喜欢
    ",/u/caeca7e09477,//upload.jianshu.io/users/upload_avatars/5474573/7ca510ec-995f-49c2-850d-9af94c1d58d1?imageMogr2/auto-orient/strip|imageView2/1/w/180/h/180
文章 0,关注 215,李察,文集 0,粉丝 3,"
      写了 0 字，获得了 0 个喜欢
    ",/u/8fd6e4ba23cc,//upload.jianshu.io/users/upload_avatars/579585/8b34d92b51df.jpg?imageMogr2/auto-orient/strip|imageView2/1/w/180/h/180
文章 0,关注 1,沈清狂,文集 0,粉丝 0,"
      写了 0 字，获得了 0 个喜欢
    ",/u/c6e3f132b0b9,//cdn-qn0.jianshu.io/assets/default_avatar/1-04bbeead395d74921af6a4e8214b4f61.jpg?imageMogr2/auto-orient/strip|imageView2/1/w/180/h/180
文章 0,关注 13,户方口一月,文集 0,粉丝 0,"
      写了 0 字，获得了 0 个喜欢
    ",/u/33a7a38a200c,//upload.jianshu.io/users/upload_avatars/5474674/036aee02-204e-4556-a468-295479bea7d1?imageMogr2/auto-orient/strip|imageView2/1/w/180/h/180
文章 0,关注 23,可妈手记,文集 0,粉丝 1,"
      写了 0 字，获得了 0 个喜欢
    ",/u/c0306ceca39a,//cdn-qn0.jianshu.io/assets/default_avatar/11-4d7c6ca89f439111aff57b23be1c73ba.jpg?imageMogr2/auto-orient/strip|imageView2/1/w/180/h/180
文章 0,关注 5,幽璃,文集 0,粉丝 0,"
      写了 0 字，获得了 0 个喜欢
    ",/u/b89ab986028d,//upload.jianshu.io/users/upload_avatars/1173881/8743356c8df7.jpg?imageMogr2/auto-orient/strip|imageView2/1/w/180/h/180
文章 0,关注 1,夏天的雪精灵,文集 0,粉丝 0,"
      写了 0 字，获得了 0 个喜欢
    ",/u/fe0cda869553,//cdn-qn0.jianshu.io/assets/default_avatar/10-e691107df16746d4a9f3fe9496fd1848.jpg?imageMogr2/auto-orient/strip|imageView2/1/w/180/h/180
文章 0,关注 1,小生物语惠,文集 0,粉丝 0,"
      写了 0 字，获得了 0 个喜欢
    ",/u/0db6328f47ba,//upload.jianshu.io/users/upload_avatars/5359622/93a77d95-93b1-44d6-babe-0b123d42050d?imageMogr2/auto-orient/strip|imageView2/1/w/180/h/180
文章 1,关注 4,简斯通,文集 1,粉丝 3,"
      写了 1495 字，获得了 1 个喜欢
    ",/u/465dc85cdff0,//upload.jianshu.io/users/upload_avatars/4847950/7957475e80ca.jpg?imageMogr2/auto-orient/strip|imageView2/1/w/180/h/180
文章 0,关注 3,浮浮_,文集 0,粉丝 0,"
      写了 0 字，获得了 0 个喜欢
    ",/u/2d8410bc697c,//cdn-qn0.jianshu.io/assets/default_avatar/13-394c31a9cb492fcb39c27422ca7d2815.jpg?imageMogr2/auto-orient/strip|imageView2/1/w/180/h/180
文章 0,关注 24,为窗,文集 0,粉丝 1,"
      写了 0 字，获得了 0 个喜欢
    ",/u/dd18c48beb77,//upload.jianshu.io/users/upload_avatars/2898094/ad69e3cee523?imageMogr2/auto-orient/strip|imageView2/1/w/180/h/180
文章 0,关注 1,浅浅smile,文集 0,粉丝 0,"
      写了 0 字，获得了 0 个喜欢
    ",/u/546a2b2111ce,//upload.jianshu.io/users/upload_avatars/5467536/f8e66fc5-4647-406a-8e08-a8ef9e7a0e52?imageMogr2/auto-orient/strip|imageView2/1/w/180/h/180
文章 0,关注 17,霸道女孩纸,文集 0,粉丝 0,"
      写了 0 字，获得了 0 个喜欢
    ",/u/f1c2dd5ce3fe,//upload.jianshu.io/users/upload_avatars/5474271/453fe096-173c-4dca-89f6-408f7a232d1c?imageMogr2/auto-orient/strip|imageView2/1/w/180/h/180
文章 0,关注 5,王娇yoga,文集 0,粉丝 1,"
      写了 0 字，获得了 0 个喜欢
    ",/u/107e739de88b,//cdn-qn0.jianshu.io/assets/default_avatar/4-3397163ecdb3855a0a4139c34a695885.jpg?imageMogr2/auto-orient/strip|imageView2/1/w/180/h/180
文章 0,关注 1,一个_80be,文集 0,粉丝 0,"
      写了 0 字，获得了 0 个喜欢
    ",/u/1acb6dfea498,//upload.jianshu.io/users/upload_avatars/5404817/31c1df9d-7104-4ca3-bb86-2d40e40a04b3?imageMogr2/auto-orient/strip|imageView2/1/w/180/h/180
文章 0,关注 29,红莲弓矢,文集 0,粉丝 1,"
      写了 0 字，获得了 0 个喜欢
    ",/u/cab3498450d7,//upload.jianshu.io/users/upload_avatars/2486165/f19f10d4d48c.jpeg?imageMogr2/auto-orient/strip|imageView2/1/w/180/h/180
文章 4,关注 19,思敏琼丹,文集 2,粉丝 5,"
      写了 2096 字，获得了 1 个喜欢
    ",/u/52724a955986,//upload.jianshu.io/users/upload_avatars/5270226/dd2459dbb4ab.jpg?imageMogr2/auto-orient/strip|imageView2/1/w/180/h/180
文章 1,关注 3,菜筱茜,文集 1,粉丝 0,"
      写了 2003 字，获得了 0 个喜欢
    ",/u/42ed27ddbe02,//cdn-qn0.jianshu.io/assets/default_avatar/10-e691107df16746d4a9f3fe9496fd1848.jpg?imageMogr2/auto-orient/strip|imageView2/1/w/180/h/180
文章 0,关注 20,宸[,文集 0,粉丝 2,"
      写了 0 字，获得了 0 个喜欢
    ",/u/a88abebd0dd3,//upload.jianshu.io/users/upload_avatars/2472473/34691be9740c?imageMogr2/auto-orient/strip|imageView2/1/w/180/h/180
文章 0,关注 4,katelynlily,文集 0,粉丝 0,"
      写了 0 字，获得了 0 个喜欢
    ",/u/65dd3d1c6d6e,//upload.jianshu.io/users/upload_avatars/4851167/7d74c87b94b2.jpg?imageMogr2/auto-orient/strip|imageView2/1/w/180/h/180
文章 0,关注 1,阳光晓敏,文集 0,粉丝 0,"
      写了 0 字，获得了 0 个喜欢
    ",/u/236ee1d392b1,//upload.jianshu.io/users/upload_avatars/5216330/f538dd014e0f.jpg?imageMogr2/auto-orient/strip|imageView2/1/w/180/h/180
文章 0,关注 2,IT开发入门,文集 0,粉丝 0,"
      写了 0 字，获得了 0 个喜欢
    ",/u/9a4045024808,//upload.jianshu.io/users/upload_avatars/5421983/b97db2e0-1184-428c-862f-fc800fb1254c.jpg?imageMogr2/auto-orient/strip|imageView2/1/w/180/h/180
文章 0,关注 10,蔚蓝晨空,文集 0,粉丝 1,"
      写了 0 字，获得了 0 个喜欢
    ",/u/ef2128b2e20a,//upload.jianshu.io/users/upload_avatars/2546132/4205c30d1f8f?imageMogr2/auto-orient/strip|imageView2/1/w/180/h/180
文章 0,关注 1,空速轨迹,文集 0,粉丝 0,"
      写了 0 字，获得了 0 个喜欢
    ",/u/362933e07d8e,//upload.jianshu.io/users/upload_avatars/5473758/79ee78c1-1835-4102-adde-f0b564045a5b?imageMogr2/auto-orient/strip|imageView2/1/w/180/h/180
文章 0,关注 19,yinquan529,文集 0,粉丝 0,"
      写了 0 字，获得了 0 个喜欢
    ",/u/f6f967c65768,//upload.jianshu.io/users/upload_avatars/1924012/2a94c9baf928?imageMogr2/auto-orient/strip|imageView2/1/w/180/h/180
文章 0,关注 1,游走不停的咖啡猫,文集 0,粉丝 0,"
      写了 0 字，获得了 0 个喜欢
    ",/u/06123ea7d95c,//upload.jianshu.io/users/upload_avatars/5230965/468c390d-3ba3-4db5-a613-ad9466f9c937?imageMogr2/auto-orient/strip|imageView2/1/w/180/h/180
文章 1,关注 2,五水蛮,文集 1,粉丝 1,"
      写了 649 字，获得了 0 个喜欢
    ",/u/GskKWV,//upload.jianshu.io/users/upload_avatars/19104/9d3e3d30e9d6?imageMogr2/auto-orient/strip|imageView2/1/w/180/h/180
文章 0,关注 1,奇迹的繁华,文集 0,粉丝 0,"
      写了 0 字，获得了 0 个喜欢
    ",/u/dd1b8306aea7,//upload.jianshu.io/users/upload_avatars/4549783/4cf8bb8ffc4d.jpg?imageMogr2/auto-orient/strip|imageView2/1/w/180/h/180
文章 0,关注 33,黎昼夜莺,文集 0,粉丝 0,"
      写了 0 字，获得了 0 个喜欢
    ",/u/109826275e89,//upload.jianshu.io/users/upload_avatars/2432160/349bd4fbf9ca.jpeg?imageMogr2/auto-orient/strip|imageView2/1/w/180/h/180
文章 1,关注 12,席同飞,文集 1,粉丝 1,"
      写了 110 字，获得了 2 个喜欢
    ",/u/c7b027f25d61,//upload.jianshu.io/users/upload_avatars/4846969/4b4f23eb4571.jpg?imageMogr2/auto-orient/strip|imageView2/1/w/180/h/180
文章 0,关注 2,时光无声_0b47,文集 0,粉丝 0,"
      写了 0 字，获得了 0 个喜欢
    ",/u/ad2864896e67,//upload.jianshu.io/users/upload_avatars/5473414/e7ae4646-9830-4adb-bef5-e4624df9058d?imageMogr2/auto-orient/strip|imageView2/1/w/180/h/180
文章 5,关注 71,苑华然,文集 1,粉丝 89,"
      写了 11157 字，获得了 262 个喜欢
    ",/u/4becdbf8db8b,//upload.jianshu.io/users/upload_avatars/4430513/3509a091-7ce2-4aec-8f51-4b86e1831710.jpg?imageMogr2/auto-orient/strip|imageView2/1/w/180/h/180
文章 0,关注 4,巨蟹的明,文集 0,粉丝 0,"
      写了 0 字，获得了 0 个喜欢
    ",/u/b49eb3478a55,//upload.jianshu.io/users/upload_avatars/5377866/5cfce168-57a5-4deb-abf7-18999cfafe3d?imageMogr2/auto-orient/strip|imageView2/1/w/180/h/180
文章 0,关注 12,乔阿木,文集 0,粉丝 0,"
      写了 0 字，获得了 0 个喜欢
    ",/u/acd92213f918,//cdn-qn0.jianshu.io/assets/default_avatar/8-a356878e44b45ab268a3b0bbaaadeeb7.jpg?imageMogr2/auto-orient/strip|imageView2/1/w/180/h/180
文章 0,关注 4,在路上0414,文集 0,粉丝 0,"
      写了 0 字，获得了 0 个喜欢
    ",/u/ebdca42b27ed,//cdn-qn0.jianshu.io/assets/default_avatar/3-9a2bcc21a5d89e21dafc73b39dc5f582.jpg?imageMogr2/auto-orient/strip|imageView2/1/w/180/h/180
文章 0,关注 2,弹奏kpop的肖邦,文集 0,粉丝 0,"
      写了 0 字，获得了 0 个喜欢
    ",/u/935631505be1,//upload.jianshu.io/users/upload_avatars/4805171/f8dbbf84-9183-4441-aaa4-d4be5fdb358c?imageMogr2/auto-orient/strip|imageView2/1/w/180/h/180
文章 10,关注 26,ZeroZhao,文集 1,粉丝 5,"
      写了 14391 字，获得了 1 个喜欢
    ",/u/8dd3284838d3,//cdn-qn0.jianshu.io/assets/default_avatar/3-9a2bcc21a5d89e21dafc73b39dc5f582.jpg?imageMogr2/auto-orient/strip|imageView2/1/w/180/h/180
文章 1,关注 1,furenbusu,文集 1,粉丝 0,"
      写了 1562 字，获得了 1 个喜欢
    ",/u/564ca05a434c,//upload.jianshu.io/users/upload_avatars/5417772/52e03623-d1fa-4eed-9d7a-fee8bfc18898.jpg?imageMogr2/auto-orient/strip|imageView2/1/w/180/h/180
文章 0,关注 1,讲不出再见_,文集 0,粉丝 0,"
      写了 0 字，获得了 0 个喜欢
    ",/u/8081daa239cf,//upload.jianshu.io/users/upload_avatars/5471545/4fa51525-1e1d-4a43-ae1e-28360e0d7133?imageMogr2/auto-orient/strip|imageView2/1/w/180/h/180
文章 4,关注 60,风sama,文集 1,粉丝 118,"
      写了 2020 字，获得了 30 个喜欢
    ",/u/888ad0d81d85,//upload.jianshu.io/users/upload_avatars/2093316/5ac901fd9a51.jpg?imageMogr2/auto-orient/strip|imageView2/1/w/180/h/180
文章 0,关注 4,残墨问心,文集 0,粉丝 0,"
      写了 0 字，获得了 0 个喜欢
    ",/u/a698cb2d3b4a,//upload.jianshu.io/users/upload_avatars/5061686/ae2fcc85469a.jpg?imageMogr2/auto-orient/strip|imageView2/1/w/180/h/180
文章 0,关注 1,zhongyifa,文集 0,粉丝 0,"
      写了 0 字，获得了 0 个喜欢
    ",/u/ae9d9abd4215,//upload.jianshu.io/users/upload_avatars/4452260/e8ff97d3-9949-479a-b606-6820eb0bab84?imageMogr2/auto-orient/strip|imageView2/1/w/180/h/180
文章 0,关注 532,cowseden,文集 0,粉丝 40,"
      写了 0 字，获得了 0 个喜欢
    ",/u/9364ef3f810e,//cdn-qn0.jianshu.io/assets/default_avatar/1-04bbeead395d74921af6a4e8214b4f61.jpg?imageMogr2/auto-orient/strip|imageView2/1/w/180/h/180
文章 7,关注 2,莫默陌girl,文集 1,粉丝 1,"
      写了 4921 字，获得了 5 个喜欢
    ",/u/3e5258d83a18,//upload.jianshu.io/users/upload_avatars/3687855/f28b38a350cd.jpg?imageMogr2/auto-orient/strip|imageView2/1/w/180/h/180
文章 3,关注 6,邓雨晴,文集 1,粉丝 2,"
      写了 993 字，获得了 1 个喜欢
    ",/u/cf718cdef2df,//upload.jianshu.io/users/upload_avatars/4168724/d537e6def51b?imageMogr2/auto-orient/strip|imageView2/1/w/180/h/180
文章 0,关注 9,冰山清冷,文集 0,粉丝 2,"
      写了 0 字，获得了 0 个喜欢
    ",/u/39a2e4d3a9c3,//upload.jianshu.io/users/upload_avatars/5362925/9801343d-92f6-4091-9c64-430dd5d229c9?imageMogr2/auto-orient/strip|imageView2/1/w/180/h/180
文章 0,关注 8,随心随想常燃,文集 0,粉丝 0,"
      写了 0 字，获得了 0 个喜欢
    ",/u/80a8e63ebef0,//upload.jianshu.io/users/upload_avatars/4530590/f6b6cf8b-ac2e-4fcc-b349-c86354ba0993?imageMogr2/auto-orient/strip|imageView2/1/w/180/h/180
文章 0,关注 1,带着红帽子的小熊,文集 0,粉丝 0,"
      写了 0 字，获得了 0 个喜欢
    ",/u/e597d49dbdcf,//upload.jianshu.io/users/upload_avatars/5440136/bb4b8139-d038-499e-8c10-02c90adf3d87?imageMogr2/auto-orient/strip|imageView2/1/w/180/h/180
文章 1,关注 6,pinkiepie,文集 1,粉丝 0,"
      写了 814 字，获得了 0 个喜欢
    ",/u/60ea90f086b6,//upload.jianshu.io/users/upload_avatars/5229702/c3b09b8e-7199-46e7-af22-5040e5a837cf?imageMogr2/auto-orient/strip|imageView2/1/w/180/h/180
文章 0,关注 8,什么意思好,文集 0,粉丝 1,"
      写了 0 字，获得了 0 个喜欢
    ",/u/15f155927cc9,//upload.jianshu.io/users/upload_avatars/4928689/a3743356-1f7c-406b-9f9d-b59a66ac40d0?imageMogr2/auto-orient/strip|imageView2/1/w/180/h/180
文章 47,关注 11,刘浩凌,文集 2,粉丝 1204,"
      写了 112553 字，获得了 4557 个喜欢
    ",/u/2aa22a8c0cbf,//upload.jianshu.io/users/upload_avatars/767725/10ed5de2a3fa.gif?imageMogr2/auto-orient/strip|imageView2/1/w/180/h/180
文章 7,关注 20,源妈生活圈,文集 2,粉丝 19,"
      写了 13552 字，获得了 34 个喜欢
    ",/u/6868b0b32dc2,//upload.jianshu.io/users/upload_avatars/4878870/a192ec8d-6f0b-4a65-9c5b-66e5993077e0.jpg?imageMogr2/auto-orient/strip|imageView2/1/w/180/h/180
文章 0,关注 12,茉水梅影,文集 0,粉丝 1,"
      写了 0 字，获得了 0 个喜欢
    ",/u/21b5dd0320be,//upload.jianshu.io/users/upload_avatars/5030108/ae20e1ec0acf.jpg?imageMogr2/auto-orient/strip|imageView2/1/w/180/h/180
文章 0,关注 9,噶咯123,文集 0,粉丝 1,"
      写了 0 字，获得了 0 个喜欢
    ",/u/adf9eb66e18d,//upload.jianshu.io/users/upload_avatars/1724324/f5102ffd7697?imageMogr2/auto-orient/strip|imageView2/1/w/180/h/180
文章 0,关注 16,路西法晨星,文集 0,粉丝 3,"
      写了 0 字，获得了 0 个喜欢
    ",/u/cd43399f3cf6,//upload.jianshu.io/users/upload_avatars/2101832/4e7b25a9ee2b.jpg?imageMogr2/auto-orient/strip|imageView2/1/w/180/h/180
文章 0,关注 14,门三强,文集 0,粉丝 3,"
      写了 0 字，获得了 0 个喜欢
    ",/u/746793575e3a,//upload.jianshu.io/users/upload_avatars/4177390/76bfe679ca54?imageMogr2/auto-orient/strip|imageView2/1/w/180/h/180
文章 0,关注 4,孝桉,文集 0,粉丝 0,"
      写了 0 字，获得了 0 个喜欢
    ",/u/487810e1e68e,//upload.jianshu.io/users/upload_avatars/5472960/07b158aa-3e55-4904-95c7-9e9d700c507f.jpg?imageMogr2/auto-orient/strip|imageView2/1/w/180/h/180
文章 0,关注 3,784dd0073e36,文集 0,粉丝 1,"
      写了 0 字，获得了 0 个喜欢
    ",/u/784dd0073e36,//cdn-qn0.jianshu.io/assets/default_avatar/7-0993d41a595d6ab6ef17b19496eb2f21.jpg?imageMogr2/auto-orient/strip|imageView2/1/w/180/h/180
文章 0,关注 40,晨曦霞暮,文集 0,粉丝 5,"
      写了 0 字，获得了 0 个喜欢
    ",/u/f71407543465,//cdn-qn0.jianshu.io/assets/default_avatar/15-a7ac401939dd4df837e3bbf82abaa2a8.jpg?imageMogr2/auto-orient/strip|imageView2/1/w/180/h/180
文章 0,关注 19,Dachini,文集 0,粉丝 0,"
      写了 0 字，获得了 0 个喜欢
    ",/u/4e353f66f6db,//upload.jianshu.io/users/upload_avatars/4039644/c621c59aa53c?imageMogr2/auto-orient/strip|imageView2/1/w/180/h/180
文章 0,关注 3,Micorcosmos,文集 0,粉丝 7,"
      写了 0 字，获得了 0 个喜欢
    ",/u/d3214679e4f6,//upload.jianshu.io/users/upload_avatars/2356375/60aff63271cf.jpg?imageMogr2/auto-orient/strip|imageView2/1/w/180/h/180
文章 5,关注 1,踮脚尖儿,文集 1,粉丝 0,"
      写了 2848 字，获得了 5 个喜欢
    ",/u/8324271252c2,//upload.jianshu.io/users/upload_avatars/4860957/b3dec1e945cf.jpg?imageMogr2/auto-orient/strip|imageView2/1/w/180/h/180
文章 0,关注 2,小米窝,文集 0,粉丝 0,"
      写了 0 字，获得了 0 个喜欢
    ",/u/b1979adb4061,//upload.jianshu.io/users/upload_avatars/3509335/7da0f9cee0a4?imageMogr2/auto-orient/strip|imageView2/1/w/180/h/180
文章 3,关注 7,sodeisilei,文集 2,粉丝 0,"
      写了 1730 字，获得了 1 个喜欢
    ",/u/7a707b41833c,//upload.jianshu.io/users/upload_avatars/1217608/3be2cad87ef0?imageMogr2/auto-orient/strip|imageView2/1/w/180/h/180
文章 0,关注 3,给你一个花生酱式的拥抱,文集 0,粉丝 0,"
      写了 0 字，获得了 0 个喜欢
    ",/u/1a0a1f9c751a,//upload.jianshu.io/users/upload_avatars/5284691/5013bf04-99d6-4872-abf3-8c6a6eaa6017?imageMogr2/auto-orient/strip|imageView2/1/w/180/h/180
文章 1,关注 6,木一禾crystal,文集 1,粉丝 8,"
      写了 398 字，获得了 3 个喜欢
    ",/u/e31079f604f3,//upload.jianshu.io/users/upload_avatars/3635985/3973a7c43eaa.jpg?imageMogr2/auto-orient/strip|imageView2/1/w/180/h/180
文章 0,关注 6,小明666,文集 0,粉丝 0,"
      写了 0 字，获得了 0 个喜欢
    ",/u/8a29338734eb,//upload.jianshu.io/users/upload_avatars/2057285/9937db5711f9?imageMogr2/auto-orient/strip|imageView2/1/w/180/h/180
文章 0,关注 2,奶酪_f3b4,文集 0,粉丝 0,"
      写了 0 字，获得了 0 个喜欢
    ",/u/bd7982a60767,//upload.jianshu.io/users/upload_avatars/5472499/d405aa81-b84e-41b9-b4e8-7a453a6cb2ae?imageMogr2/auto-orient/strip|imageView2/1/w/180/h/180
文章 3,关注 18,我是小小米粒儿,文集 2,粉丝 1,"
      写了 6399 字，获得了 4 个喜欢
    ",/u/ee03c20921b3,//upload.jianshu.io/users/upload_avatars/1558942/33b422151fa1.jpg?imageMogr2/auto-orient/strip|imageView2/1/w/180/h/180
文章 0,关注 27,费尔南多,文集 0,粉丝 0,"
      写了 0 字，获得了 0 个喜欢
    ",/u/0ca42878d507,//cdn-qn0.jianshu.io/assets/default_avatar/15-a7ac401939dd4df837e3bbf82abaa2a8.jpg?imageMogr2/auto-orient/strip|imageView2/1/w/180/h/180
文章 0,关注 3,维纳,文集 0,粉丝 0,"
      写了 0 字，获得了 0 个喜欢
    ",/u/2d0cf5762769,//upload.jianshu.io/users/upload_avatars/2300702/c1475e69e0a6?imageMogr2/auto-orient/strip|imageView2/1/w/180/h/180
文章 0,关注 1,韩程Hannah,文集 0,粉丝 0,"
      写了 0 字，获得了 0 个喜欢
    ",/u/5641370e3267,//upload.jianshu.io/users/upload_avatars/5471141/0193da9a-e8f2-4622-96a5-49e86465863c?imageMogr2/auto-orient/strip|imageView2/1/w/180/h/180
文章 0,关注 18,简M,文集 0,粉丝 4,"
      写了 0 字，获得了 0 个喜欢
    ",/u/990509c62cd6,//upload.jianshu.io/users/upload_avatars/3086461/f32903320ec5.jpeg?imageMogr2/auto-orient/strip|imageView2/1/w/180/h/180
文章 97,关注 53,熊宴,文集 2,粉丝 80,"
      写了 118116 字，获得了 201 个喜欢
    ",/u/ee03f7330620,//upload.jianshu.io/users/upload_avatars/2148627/f02c4f6ab4b0?imageMogr2/auto-orient/strip|imageView2/1/w/180/h/180
文章 0,关注 6,某桑i,文集 0,粉丝 0,"
      写了 0 字，获得了 0 个喜欢
    ",/u/d244a60cbe39,//upload.jianshu.io/users/upload_avatars/4495219/a937f804-885d-498d-8bcf-6ba65d50213d?imageMogr2/auto-orient/strip|imageView2/1/w/180/h/180
文章 0,关注 4,xcbd666,文集 0,粉丝 0,"
      写了 0 字，获得了 0 个喜欢
    ",/u/8487e3df6dc8,//cdn-qn0.jianshu.io/assets/default_avatar/13-394c31a9cb492fcb39c27422ca7d2815.jpg?imageMogr2/auto-orient/strip|imageView2/1/w/180/h/180
文章 0,关注 26,龙丰,文集 0,粉丝 0,"
      写了 0 字，获得了 0 个喜欢
    ",/u/0e14232bdf55,//upload.jianshu.io/users/upload_avatars/5472464/f9bd860c-ab42-4f4e-9962-b352529281dd?imageMogr2/auto-orient/strip|imageView2/1/w/180/h/180
文章 0,关注 68,doithusky,文集 0,粉丝 1,"
      写了 0 字，获得了 0 个喜欢
    ",/u/805468570f86,//cdn-qn0.jianshu.io/assets/default_avatar/8-a356878e44b45ab268a3b0bbaaadeeb7.jpg?imageMogr2/auto-orient/strip|imageView2/1/w/180/h/180
文章 43,关注 149,沐滢,文集 2,粉丝 47,"
      写了 26904 字，获得了 97 个喜欢
    ",/u/c2969a4ab893,//upload.jianshu.io/users/upload_avatars/2376211/201a0c52f18b.jpg?imageMogr2/auto-orient/strip|imageView2/1/w/180/h/180
文章 0,关注 16,电竞巨星大表哥,文集 0,粉丝 0,"
      写了 0 字，获得了 0 个喜欢
    ",/u/19d89c3b1c3b,//cdn-qn0.jianshu.io/assets/default_avatar/5-33d2da32c552b8be9a0548c7a4576607.jpg?imageMogr2/auto-orient/strip|imageView2/1/w/180/h/180
文章 0,关注 2,杨9264,文集 0,粉丝 0,"
      写了 0 字，获得了 0 个喜欢
    ",/u/8a65b624d2f6,//upload.jianshu.io/users/upload_avatars/5472167/260ec836-3cd5-4f1e-be6b-5cc23e0d4ae0?imageMogr2/auto-orient/strip|imageView2/1/w/180/h/180
文章 2,关注 8,荒凉书都,文集 1,粉丝 0,"
      写了 399 字，获得了 0 个喜欢
    ",/u/eda641a84640,//upload.jianshu.io/users/upload_avatars/4803251/7f69ec81-64bc-410b-9182-e053a1c02083.jpg?imageMogr2/auto-orient/strip|imageView2/1/w/180/h/180
文章 0,关注 4,安安稳稳小愉悦,文集 0,粉丝 0,"
      写了 0 字，获得了 0 个喜欢
    ",/u/1184365b6062,//cdn-qn0.jianshu.io/assets/default_avatar/15-a7ac401939dd4df837e3bbf82abaa2a8.jpg?imageMogr2/auto-orient/strip|imageView2/1/w/180/h/180
文章 0,关注 1,不见丶采葛,文集 0,粉丝 0,"
      写了 0 字，获得了 0 个喜欢
    ",/u/123c9323158e,//cdn-qn0.jianshu.io/assets/default_avatar/7-0993d41a595d6ab6ef17b19496eb2f21.jpg?imageMogr2/auto-orient/strip|imageView2/1/w/180/h/180
文章 0,关注 8,嘿嘿哦不好,文集 0,粉丝 0,"
      写了 0 字，获得了 0 个喜欢
    ",/u/1df00f4d5bbd,//cdn-qn0.jianshu.io/assets/default_avatar/4-3397163ecdb3855a0a4139c34a695885.jpg?imageMogr2/auto-orient/strip|imageView2/1/w/180/h/180
文章 0,关注 22,夏西凉,文集 0,粉丝 0,"
      写了 0 字，获得了 0 个喜欢
    ",/u/f301b80d2ea0,//cdn-qn0.jianshu.io/assets/default_avatar/12-aeeea4bedf10f2a12c0d50d626951489.jpg?imageMogr2/auto-orient/strip|imageView2/1/w/180/h/180
文章 0,关注 2,聆听者_69a3,文集 0,粉丝 0,"
      写了 0 字，获得了 0 个喜欢
    ",/u/08f9482801a9,//upload.jianshu.io/users/upload_avatars/5472100/bcb853d1-dba3-4398-8ed3-b7fa13c2045e?imageMogr2/auto-orient/strip|imageView2/1/w/180/h/180
文章 0,关注 1,党哥最棒,文集 0,粉丝 0,"
      写了 0 字，获得了 0 个喜欢
    ",/u/5a45d5320ba5,//cdn-qn0.jianshu.io/assets/default_avatar/1-04bbeead395d74921af6a4e8214b4f61.jpg?imageMogr2/auto-orient/strip|imageView2/1/w/180/h/180
文章 0,关注 1,旧青苔,文集 0,粉丝 0,"
      写了 0 字，获得了 0 个喜欢
    ",/u/bd59b4ee4f64,//upload.jianshu.io/users/upload_avatars/5471097/6d9866ab-8922-46a0-b6ed-37507c91f944.jpg?imageMogr2/auto-orient/strip|imageView2/1/w/180/h/180
